[{"created_at":"Mon Mar 17 17:22:27 +0000 2014","id":445611130753658880,"id_str":"445611130753658880","text":"http:\/\/t.co\/tgDFXnK3TK Flatastic Responsive Multipurpose VirtueMart Theme @ThemeForest","source":"\u003ca href=\"http:\/\/twitter.com\" rel=\"nofollow\"\u003eTwitter Web Client\u003c\/a\u003e","truncated":false,"in_reply_to_status_id":null,"in_reply_to_status_id_str":null,"in_reply_to_user_id":null,"in_reply_to_user_id_str":null,"in_reply_to_screen_name":null,"user":{"id":308471286,"id_str":"308471286","name":"Alice Moore","screen_name":"fanfbmltemplate","location":"USA","description":"Our collection of attractive and functional iFrame facebook templates with a set of tools is created for advancement of your business and personal usage!","url":"http:\/\/t.co\/jloI9p3j5D","entities":{"url":{"urls":[{"url":"http:\/\/t.co\/jloI9p3j5D","expanded_url":"http:\/\/fanfbmltemplates.com","display_url":"fanfbmltemplates.com","indices":[0,22]}]},"description":{"urls":[]}},"protected":false,"followers_count":65,"friends_count":46,"listed_count":2,"created_at":"Tue May 31 13:33:13 +0000 2011","favourites_count":0,"utc_offset":-18000,"time_zone":"Quito","geo_enabled":false,"verified":false,"statuses_count":84,"lang":"ru","contributors_enabled":false,"is_translator":false,"is_translation_enabled":false,"profile_background_color":"C0DEED","profile_background_image_url":"http:\/\/abs.twimg.com\/images\/themes\/theme1\/bg.png","profile_background_image_url_https":"https:\/\/abs.twimg.com\/images\/themes\/theme1\/bg.png","profile_background_tile":false,"profile_image_url":"http:\/\/pbs.twimg.com\/profile_images\/1456589011\/logo2_normal.jpg","profile_image_url_https":"https:\/\/pbs.twimg.com\/profile_images\/1456589011\/logo2_normal.jpg","profile_link_color":"0084B4","profile_sidebar_border_color":"C0DEED","profile_sidebar_fill_color":"DDEEF6","profile_text_color":"333333","profile_use_background_image":true,"default_profile":true,"default_profile_image":false,"following":false,"follow_request_sent":false,"notifications":false},"geo":null,"coordinates":null,"place":null,"contributors":null,"is_quote_status":false,"retweet_count":0,"favorite_count":0,"entities":{"hashtags":[],"symbols":[],"user_mentions":[{"screen_name":"ThemeForest","name":"ThemeForest","id":223434610,"id_str":"223434610","indices":[74,86]}],"urls":[{"url":"http:\/\/t.co\/tgDFXnK3TK","expanded_url":"http:\/\/themeforest.net\/item\/flatastic-responsive-multipurpose-virtuemart-theme\/7084257","display_url":"themeforest.net\/item\/flatastic\u2026","indices":[0,22]}]},"favorited":false,"retweeted":false,"possibly_sensitive":false,"lang":"en"},{"created_at":"Thu Oct 10 20:36:38 +0000 2013","id":388402715937603584,"id_str":"388402715937603584","text":"Check out this great #themeforest item 'Reviver - Responsive Multipurpose VirtueMart Theme' http:\/\/t.co\/o8bVA5bsAh","source":"\u003ca href=\"https:\/\/dev.twitter.com\/docs\/tfw\" rel=\"nofollow\"\u003eTwitter for Websites\u003c\/a\u003e","truncated":false,"in_reply_to_status_id":null,"in_reply_to_status_id_str":null,"in_reply_to_user_id":null,"in_reply_to_user_id_str":null,"in_reply_to_screen_name":null,"user":{"id":308471286,"id_str":"308471286","name":"Alice Moore","screen_name":"fanfbmltemplate","location":"USA","description":"Our collection of attractive and functional iFrame facebook templates with a set of tools is created for advancement of your business and personal usage!","url":"http:\/\/t.co\/jloI9p3j5D","entities":{"url":{"urls":[{"url":"http:\/\/t.co\/jloI9p3j5D","expanded_url":"http:\/\/fanfbmltemplates.com","display_url":"fanfbmltemplates.com","indices":[0,22]}]},"description":{"urls":[]}},"protected":false,"followers_count":65,"friends_count":46,"listed_count":2,"created_at":"Tue May 31 13:33:13 +0000 2011","favourites_count":0,"utc_offset":-18000,"time_zone":"Quito","geo_enabled":false,"verified":false,"statuses_count":84,"lang":"ru","contributors_enabled":false,"is_translator":false,"is_translation_enabled":false,"profile_background_color":"C0DEED","profile_background_image_url":"http:\/\/abs.twimg.com\/images\/themes\/theme1\/bg.png","profile_background_image_url_https":"https:\/\/abs.twimg.com\/images\/themes\/theme1\/bg.png","profile_background_tile":false,"profile_image_url":"http:\/\/pbs.twimg.com\/profile_images\/1456589011\/logo2_normal.jpg","profile_image_url_https":"https:\/\/pbs.twimg.com\/profile_images\/1456589011\/logo2_normal.jpg","profile_link_color":"0084B4","profile_sidebar_border_color":"C0DEED","profile_sidebar_fill_color":"DDEEF6","profile_text_color":"333333","profile_use_background_image":true,"default_profile":true,"default_profile_image":false,"following":false,"follow_request_sent":false,"notifications":false},"geo":null,"coordinates":null,"place":null,"contributors":null,"is_quote_status":false,"retweet_count":0,"favorite_count":0,"entities":{"hashtags":[{"text":"themeforest","indices":[21,33]}],"symbols":[],"user_mentions":[],"urls":[{"url":"http:\/\/t.co\/o8bVA5bsAh","expanded_url":"http:\/\/themeforest.net\/item\/reviver-responsive-multipurpose-virtuemart-theme\/5157820","display_url":"themeforest.net\/item\/reviver-r\u2026","indices":[92,114]}]},"favorited":false,"retweeted":false,"possibly_sensitive":false,"lang":"en"}]