[{"created_at":"Wed Jun 18 10:58:24 +0000 2014","id":479216552152018944,"id_str":"479216552152018944","text":"Congratulation!  Our the first theme has been approved on Themeforest. Great news.  Check it out:  http:\/\/t.co\/ih8dfmmaPl","source":"\u003ca href=\"http:\/\/twitter.com\" rel=\"nofollow\"\u003eTwitter Web Client\u003c\/a\u003e","truncated":false,"in_reply_to_status_id":null,"in_reply_to_status_id_str":null,"in_reply_to_user_id":null,"in_reply_to_user_id_str":null,"in_reply_to_screen_name":null,"user":{"id":2562697814,"id_str":"2562697814","name":"ArrowTheme","screen_name":"ArrowTheme","location":"Ha Noi - Viet Nam","description":"","url":"http:\/\/t.co\/s06nr9V7TY","entities":{"url":{"urls":[{"url":"http:\/\/t.co\/s06nr9V7TY","expanded_url":"http:\/\/arrowtheme.com","display_url":"arrowtheme.com","indices":[0,22]}]},"description":{"urls":[]}},"protected":false,"followers_count":1,"friends_count":7,"listed_count":0,"created_at":"Thu Jun 12 04:49:21 +0000 2014","favourites_count":1,"utc_offset":null,"time_zone":null,"geo_enabled":false,"verified":false,"statuses_count":1,"lang":"en","contributors_enabled":false,"is_translator":false,"is_translation_enabled":false,"profile_background_color":"C0DEED","profile_background_image_url":"http:\/\/abs.twimg.com\/images\/themes\/theme1\/bg.png","profile_background_image_url_https":"https:\/\/abs.twimg.com\/images\/themes\/theme1\/bg.png","profile_background_tile":false,"profile_image_url":"http:\/\/pbs.twimg.com\/profile_images\/479218409876373505\/HqOFS7zw_normal.png","profile_image_url_https":"https:\/\/pbs.twimg.com\/profile_images\/479218409876373505\/HqOFS7zw_normal.png","profile_banner_url":"https:\/\/pbs.twimg.com\/profile_banners\/2562697814\/1403089563","profile_link_color":"58C3F5","profile_sidebar_border_color":"C0DEED","profile_sidebar_fill_color":"DDEEF6","profile_text_color":"333333","profile_use_background_image":true,"has_extended_profile":false,"default_profile":false,"default_profile_image":false,"following":false,"follow_request_sent":false,"notifications":false},"geo":null,"coordinates":null,"place":null,"contributors":null,"is_quote_status":false,"retweet_count":0,"favorite_count":1,"entities":{"hashtags":[],"symbols":[],"user_mentions":[],"urls":[{"url":"http:\/\/t.co\/ih8dfmmaPl","expanded_url":"http:\/\/themeforest.net\/item\/riley-responsive-multipurpose-drupal-theme\/7987533?WT.ac=category_item&WT.z_author=ArrowHiTech","display_url":"themeforest.net\/item\/riley-res\u2026","indices":[99,121]}]},"favorited":false,"retweeted":false,"possibly_sensitive":false,"lang":"en"}]